"","year","seas","fleet","catch"
"1",2029,1,1,0.0146996
"2",2029,2,1,0
"3",2029,1,2,0
"4",2029,2,2,2.49082
"5",2029,1,3,0.000381759
"6",2029,2,3,0.000150178
"101",2029,1,1,0.0146986
"102",2029,2,1,0
"203",2029,1,2,0
"204",2029,2,2,2.49082
"305",2029,1,3,0.000380759
"306",2029,2,3,0.000149178
"1011",2029,1,1,9.21898e-07
"1021",2029,2,1,0
"2031",2029,1,2,0
"2041",2029,2,2,0.000143304
"3051",2029,1,3,3.67014e-08
"3061",2029,2,3,1.81635e-08
