"","year","seas","fleet","catch"
"1",2025,1,1,0.00163085
"2",2025,2,1,0
"3",2025,1,2,0
"4",2025,2,2,0.207887
"5",2025,1,3,5.06134e-05
"6",2025,2,3,1.1422e-05
"93",2025,1,1,0.00162985
"94",2025,2,1,0
"187",2025,1,2,0
"188",2025,2,2,0.207886
"281",2025,1,3,4.96128e-05
"282",2025,2,3,1.04216e-05
"931",2025,1,1,4.53528e-08
"941",2025,2,1,0
"1871",2025,1,2,0
"1881",2025,2,2,5.56055e-06
"2811",2025,1,3,1.41428e-06
"2821",2025,2,3,3.97035e-07
