"","year","seas","fleet","catch"
"1",2021,1,1,178.917330120181
"2",2021,2,1,0
"3",2021,1,2,0
"4",2021,2,2,12546.7295511276
"5",2021,1,3,173.687009976987
"6",2021,2,3,2.92497220369895
"85",2021,1,1,178.917
"86",2021,2,1,0
"171",2021,1,2,0
"172",2021,2,2,12546.7
"257",2021,1,3,173.687
"258",2021,2,3,2.92497
"851",2021,1,1,0.00648337
"861",2021,2,1,0
"1711",2021,1,2,0
"1721",2021,2,2,0.435242
"2571",2021,1,3,0.0320496
"2581",2021,2,3,0.000708439
