"","year","seas","fleet","catch"
"1",2024,1,1,0.00665761
"2",2024,2,1,0
"3",2024,1,2,0
"4",2024,2,2,0.42238
"5",2024,1,3,6.7037e-05
"6",2024,2,3,1.68466e-05
"91",2024,1,1,0.00665661
"92",2024,2,1,0
"183",2024,1,2,0
"184",2024,2,2,0.422379
"275",2024,1,3,6.60362e-05
"276",2024,2,3,1.5846e-05
"911",2024,1,1,1.62945e-07
"921",2024,2,1,0
"1831",2024,1,2,0
"1841",2024,2,2,9.7681e-06
"2751",2024,1,3,3.09077e-05
"2761",2024,2,3,9.88488e-06
