"","year","seas","fleet","catch"
"1",2026,1,1,1.5
"2",2026,2,1,0
"3",2026,1,2,0
"4",2026,2,2,0.0178106
"5",2026,1,3,1.12473e-05
"6",2026,2,3,1.79514e-06
"95",2026,1,1,26213.6
"96",2026,2,1,0
"191",2026,1,2,0
"192",2026,2,2,0.0178104
"287",2026,1,3,1.1141e-05
"288",2026,2,3,2.10836e-06
"951",2026,1,1,1.5
"961",2026,2,1,0
"1911",2026,1,2,0
"1921",2026,2,2,2.7464e-07
"2871",2026,1,3,6.12046e-08
"2881",2026,2,3,1.55897e-08
