"","year","seas","fleet","catch"
"1",2029,1,1,4.57337
"2",2029,2,1,0
"3",2029,1,2,0
"4",2029,2,2,0.00173181
"5",2029,1,3,0.0396474
"6",2029,2,3,1.5
"101",2029,1,1,4.57337
"102",2029,2,1,0
"203",2029,1,2,0
"204",2029,2,2,0.00173106
"305",2029,1,3,0.0396467
"306",2029,2,3,283.384
"1011",2029,1,1,0.000114494
"1021",2029,2,1,0
"2031",2029,1,2,0
"2041",2029,2,2,1.22757e-08
"3051",2029,1,3,0.00012435
"3061",2029,2,3,1.5
