"","year","seas","fleet","catch"
"1",2027,1,1,3.62895
"2",2027,2,1,0
"3",2027,1,2,0
"4",2027,2,2,15590.9
"5",2027,1,3,0.834093
"6",2027,2,3,0.0476884
"97",2027,1,1,3.62895
"98",2027,2,1,0
"195",2027,1,2,0
"196",2027,2,2,15590.9
"293",2027,1,3,0.834092
"294",2027,2,3,0.0476874
"971",2027,1,1,0.00021227
"981",2027,2,1,0
"1951",2027,1,2,0
"1961",2027,2,2,0.240723
"2931",2027,1,3,0.00472376
"2941",2027,2,3,0.000362003
