"","year","seas","fleet","catch"
"1",2022,1,1,6.84365e-05
"2",2022,2,1,0
"3",2022,1,2,0
"4",2022,2,2,0.0992211
"5",2022,1,3,4.26307e-06
"6",2022,2,3,1.43888e-06
"87",2022,1,1,6.82749e-05
"88",2022,2,1,0
"175",2022,1,2,0
"176",2022,2,2,0.0992209
"263",2022,1,3,4.28108e-06
"264",2022,2,3,1.79458e-06
"871",2022,1,1,1.27734e-08
"881",2022,2,1,0
"1751",2022,1,2,0
"1761",2022,2,2,3.304e-06
"2631",2022,1,3,2.0741e-08
"2641",2022,2,3,1.16472e-08
