"","year","seas","fleet","catch"
"1",2029,1,1,1.5
"2",2029,2,1,0
"3",2029,1,2,0
"4",2029,2,2,5.68732e-05
"5",2029,1,3,1.5
"6",2029,2,3,3.11896e-05
"101",2029,1,1,46180.8
"102",2029,2,1,0
"203",2029,1,2,0
"204",2029,2,2,5.61277e-05
"305",2029,1,3,438.818
"306",2029,2,3,3.04484e-05
"1011",2029,1,1,1.5
"1021",2029,2,1,0
"2031",2029,1,2,0
"2041",2029,2,2,4.49265e-10
"3051",2029,1,3,1.5
"3061",2029,2,3,1.84235e-07
