"","year","seas","fleet","catch"
"1",2023,1,1,3.44223e-05
"2",2023,2,1,0
"3",2023,1,2,0
"4",2023,2,2,0.107042
"5",2023,1,3,1.80781e-06
"6",2023,2,3,1.5
"89",2023,1,1,3.42711e-05
"90",2023,2,1,0
"179",2023,1,2,0
"180",2023,2,2,0.107042
"269",2023,1,3,2.12134e-06
"270",2023,2,3,135.427
"891",2023,1,1,2.9551e-09
"901",2023,2,1,0
"1791",2023,1,2,0
"1801",2023,2,2,3.65383e-06
"2691",2023,1,3,1.32898e-08
"2701",2023,2,3,1.5
