"","year","seas","fleet","catch"
"1",2025,1,1,1.03578e-06
"2",2025,2,1,0
"3",2025,1,2,0
"4",2025,2,2,0.000154471
"5",2025,1,3,1.5
"6",2025,2,3,6.47397e-06
"93",2025,1,1,1.46371e-06
"94",2025,2,1,0
"187",2025,1,2,0
"188",2025,2,2,0.000154479
"281",2025,1,3,76.7679
"282",2025,2,3,6.58493e-06
"931",2025,1,1,8.34873e-11
"941",2025,2,1,0
"1871",2025,1,2,0
"1881",2025,2,2,3.32598e-09
"2811",2025,1,3,1.5
"2821",2025,2,3,2.07766e-07
