"","year","seas","fleet","catch"
"1",2029,1,1,908.189
"2",2029,2,1,0
"3",2029,1,2,0
"4",2029,2,2,5473.74
"5",2029,1,3,27.1676
"6",2029,2,3,17.4563
"101",2029,1,1,908.189
"102",2029,2,1,0
"203",2029,1,2,0
"204",2029,2,2,5473.74
"305",2029,1,3,27.1676
"306",2029,2,3,17.4563
"1011",2029,1,1,0.0482653
"1021",2029,2,1,0
"2031",2029,1,2,0
"2041",2029,2,2,0.0573754
"3051",2029,1,3,0.0701604
"3061",2029,2,3,0.0618551
