"","year","seas","fleet","catch"
"1",2029,1,1,8.54794e-05
"2",2029,2,1,0
"3",2029,1,2,0
"4",2029,2,2,1.05732
"5",2029,1,3,6.60785e-05
"6",2029,2,3,0.00545129
"101",2029,1,1,8.44794e-05
"102",2029,2,1,0
"203",2029,1,2,0
"204",2029,2,2,1.05732
"305",2029,1,3,6.50786e-05
"306",2029,2,3,0.00545029
"1011",2029,1,1,1.62771e-09
"1021",2029,2,1,0
"2031",2029,1,2,0
"2041",2029,2,2,6.79779e-06
"3051",2029,1,3,5.91855e-08
"3061",2029,2,3,6.6357e-06
