"","year","seas","fleet","catch"
"1",2027,1,1,0.0548575
"2",2027,2,1,0
"3",2027,1,2,0
"4",2027,2,2,5.8527e-06
"5",2027,1,3,0.000394206
"6",2027,2,3,0.000213341
"97",2027,1,1,0.0548571
"98",2027,2,1,0
"195",2027,1,2,0
"196",2027,2,2,5.52124e-06
"293",2027,1,3,0.00039377
"294",2027,2,3,0.000212907
"971",2027,1,1,2.59029e-06
"981",2027,2,1,0
"1951",2027,1,2,0
"1961",2027,2,2,6.64122e-11
"2931",2027,1,3,3.44114e-06
"2941",2027,2,3,2.49056e-06
