"","year","seas","fleet","catch"
"1",2029,1,1,0.039709
"2",2029,2,1,0
"3",2029,1,2,0
"4",2029,2,2,6.43674e-06
"5",2029,1,3,0.00021934
"6",2029,2,3,0.000119996
"101",2029,1,1,0.039708
"102",2029,2,1,0
"203",2029,1,2,0
"204",2029,2,2,5.43674e-06
"305",2029,1,3,0.00021834
"306",2029,2,3,0.000118996
"1011",2029,1,1,8.46552e-07
"1021",2029,2,1,0
"2031",2029,1,2,0
"2041",2029,2,2,3.97044e-11
"3051",2029,1,3,6.35231e-07
"3061",2029,2,3,4.63395e-07
