"","year","seas","fleet","catch"
"1",2022,1,1,5.68772e-05
"2",2022,2,1,0
"3",2022,1,2,0
"4",2022,2,2,0.0896652
"5",2022,1,3,4.51902e-06
"6",2022,2,3,1.49169e-06
"87",2022,1,1,5.67177e-05
"88",2022,2,1,0
"175",2022,1,2,0
"176",2022,2,2,0.089665
"263",2022,1,3,4.52471e-06
"264",2022,2,3,1.83178e-06
"871",2022,1,1,1.00891e-08
"881",2022,2,1,0
"1751",2022,1,2,0
"1761",2022,2,2,2.95386e-06
"2631",2022,1,3,2.1801e-08
"2641",2022,2,3,1.18233e-08
