"","year","seas","fleet","catch"
"1",2027,1,1,1.5
"2",2027,2,1,0
"3",2027,1,2,0
"4",2027,2,2,0.000389987
"5",2027,1,3,0.161377
"6",2027,2,3,0.0759322
"97",2027,1,1,24549.8
"98",2027,2,1,0
"195",2027,1,2,0
"196",2027,2,2,0.000389238
"293",2027,1,3,0.161376
"294",2027,2,3,0.0759315
"971",2027,1,1,1.5
"981",2027,2,1,0
"1951",2027,1,2,0
"1961",2027,2,2,5.22584e-09
"2931",2027,1,3,0.00139978
"2941",2027,2,3,0.000885544
