"","year","seas","fleet","catch"
"1",2025,1,1,1.5
"2",2025,2,1,0
"3",2025,1,2,0
"4",2025,2,2,0.164705
"5",2025,1,3,1.5
"6",2025,2,3,1.5
"93",2025,1,1,13004.2
"94",2025,2,1,0
"187",2025,1,2,0
"188",2025,2,2,0.164704
"281",2025,1,3,106.477
"282",2025,2,3,48.2902
"931",2025,1,1,1.5
"941",2025,2,1,0
"1871",2025,1,2,0
"1881",2025,2,2,4.89978e-06
"2811",2025,1,3,1.5
"2821",2025,2,3,1.5
