"","year","seas","fleet","catch"
"1",2022,1,1,4.46791e-05
"2",2022,2,1,0
"3",2022,1,2,0
"4",2022,2,2,0.0492569
"5",2022,1,3,2.12419e-06
"6",2022,2,3,1.03058e-06
"87",2022,1,1,4.46984e-05
"88",2022,2,1,0
"175",2022,1,2,0
"176",2022,2,2,0.0492569
"263",2022,1,3,2.47798e-06
"264",2022,2,3,1.45796e-06
"871",2022,1,1,7.45362e-09
"881",2022,2,1,0
"1751",2022,1,2,0
"1761",2022,2,2,1.60067e-06
"2631",2022,1,3,1.18382e-08
"2641",2022,2,3,9.33068e-09
