"","year","seas","fleet","catch"
"1",2029,1,1,179.061
"2",2029,2,1,0
"3",2029,1,2,0
"4",2029,2,2,254.732
"5",2029,1,3,26.6576
"6",2029,2,3,0.613527
"101",2029,1,1,179.061
"102",2029,2,1,0
"203",2029,1,2,0
"204",2029,2,2,254.732
"305",2029,1,3,26.6576
"306",2029,2,3,0.613526
"1011",2029,1,1,0.00450363
"1021",2029,2,1,0
"2031",2029,1,2,0
"2041",2029,2,2,0.0019714
"3051",2029,1,3,0.0821477
"3061",2029,2,3,0.00255939
