"","year","seas","fleet","catch"
"1",2029,1,1,1.5
"2",2029,2,1,0
"3",2029,1,2,0
"4",2029,2,2,0.138567
"5",2029,1,3,0.00053332
"6",2029,2,3,0.000402059
"101",2029,1,1,40931.7
"102",2029,2,1,0
"203",2029,1,2,0
"204",2029,2,2,0.138566
"305",2029,1,3,0.000532571
"306",2029,2,3,0.00040131
"1011",2029,1,1,1.5
"1021",2029,2,1,0
"2031",2029,1,2,0
"2041",2029,2,2,1.14532e-06
"3051",2029,1,3,8.83933e-07
"3061",2029,2,3,8.92961e-07
