"","year","seas","fleet","catch"
"1",2029,1,1,1239.15
"2",2029,2,1,0
"3",2029,1,2,0
"4",2029,2,2,51799
"5",2029,1,3,11.3833
"6",2029,2,3,4.20587
"101",2029,1,1,1239.15
"102",2029,2,1,0
"203",2029,1,2,0
"204",2029,2,2,51799
"305",2029,1,3,11.3833
"306",2029,2,3,4.20587
"1011",2029,1,1,0.0176104
"1021",2029,2,1,0
"2031",2029,1,2,0
"2041",2029,2,2,0.913611
"3051",2029,1,3,0.000570445
"3061",2029,2,3,0.000281342
