"","year","seas","fleet","catch"
"1",2027,1,1,1.5
"2",2027,2,1,0
"3",2027,1,2,0
"4",2027,2,2,0.010787
"5",2027,1,3,0.619345
"6",2027,2,3,0.302724
"97",2027,1,1,23756.8
"98",2027,2,1,0
"195",2027,1,2,0
"196",2027,2,2,0.0107863
"293",2027,1,3,0.619344
"294",2027,2,3,0.302723
"971",2027,1,1,1.5
"981",2027,2,1,0
"1951",2027,1,2,0
"1961",2027,2,2,1.44231e-07
"2931",2027,1,3,0.00543198
"2941",2027,2,3,0.00357047
