"","year","seas","fleet","catch"
"1",2024,1,1,6.91959e-05
"2",2024,2,1,0
"3",2024,1,2,0
"4",2024,2,2,0.0458426
"5",2024,1,3,2.69823e-06
"6",2024,2,3,1.5
"91",2024,1,1,6.90342e-05
"92",2024,2,1,0
"183",2024,1,2,0
"184",2024,2,2,0.0458424
"275",2024,1,3,2.85635e-06
"276",2024,2,3,129.779
"911",2024,1,1,4.81005e-09
"921",2024,2,1,0
"1831",2024,1,2,0
"1841",2024,2,2,1.49135e-06
"2751",2024,1,3,1.86937e-08
"2761",2024,2,3,1.5
