"","year","seas","fleet","catch"
"1",2029,1,1,0.580288
"2",2029,2,1,0
"3",2029,1,2,0
"4",2029,2,2,1.80631e-05
"5",2029,1,3,0.0159255
"6",2029,2,3,0.00844933
"101",2029,1,1,0.580287
"102",2029,2,1,0
"203",2029,1,2,0
"204",2029,2,2,1.70631e-05
"305",2029,1,3,0.0159245
"306",2029,2,3,0.00844833
"1011",2029,1,1,2.16142e-05
"1021",2029,2,1,0
"2031",2029,1,2,0
"2041",2029,2,2,1.29761e-10
"3051",2029,1,3,4.51717e-05
"3061",2029,2,3,3.20811e-05
