"","year","seas","fleet","catch"
"1",2025,1,1,0.0183426
"2",2025,2,1,0
"3",2025,1,2,0
"4",2025,2,2,0.331124
"5",2025,1,3,0.000137039
"6",2025,2,3,3.45239e-05
"93",2025,1,1,0.0183416
"94",2025,2,1,0
"187",2025,1,2,0
"188",2025,2,2,0.331123
"281",2025,1,3,0.000136039
"282",2025,2,3,3.35227e-05
"931",2025,1,1,3.42819e-06
"941",2025,2,1,0
"1871",2025,1,2,0
"1881",2025,2,2,4.65979e-06
"2811",2025,1,3,2.47816e-05
"2821",2025,2,3,8.18342e-06
