"","year","seas","fleet","catch"
"1",2029,1,1,0.0659037
"2",2029,2,1,0
"3",2029,1,2,0
"4",2029,2,2,2.12701e-05
"5",2029,1,3,0.000947668
"6",2029,2,3,0.000561711
"101",2029,1,1,0.0659027
"102",2029,2,1,0
"203",2029,1,2,0
"204",2029,2,2,2.02701e-05
"305",2029,1,3,0.000946668
"306",2029,2,3,0.000560711
"1011",2029,1,1,1.39198e-06
"1021",2029,2,1,0
"2031",2029,1,2,0
"2041",2029,2,2,1.37991e-10
"3051",2029,1,3,2.76504e-06
"3061",2029,2,3,2.1925e-06
