"","year","seas","fleet","catch"
"1",2025,1,1,1361.88
"2",2025,2,1,0
"3",2025,1,2,0
"4",2025,2,2,123438
"5",2025,1,3,27.578
"6",2025,2,3,7.5603
"93",2025,1,1,1361.88
"94",2025,2,1,0
"187",2025,1,2,0
"188",2025,2,2,123438
"281",2025,1,3,27.578
"282",2025,2,3,7.5603
"931",2025,1,1,0.252342
"941",2025,2,1,0
"1871",2025,1,2,0
"1881",2025,2,2,2.12137
"2811",2025,1,3,0.224254
"2821",2025,2,3,0.0882228
