"","year","seas","fleet","catch"
"1",2025,1,1,1.5
"2",2025,2,1,0
"3",2025,1,2,0
"4",2025,2,2,1.5
"5",2025,1,3,1.5
"6",2025,2,3,3.90462e-06
"93",2025,1,1,21279.4
"94",2025,2,1,0
"187",2025,1,2,0
"188",2025,2,2,50875.5
"281",2025,1,3,108.048
"282",2025,2,3,3.93507e-06
"931",2025,1,1,1.5
"941",2025,2,1,0
"1871",2025,1,2,0
"1881",2025,2,2,1.5
"2811",2025,1,3,1.5
"2821",2025,2,3,9.49749e-08
