"","year","seas","fleet","catch"
"1",2028,1,1,0.000145127
"2",2028,2,1,0
"3",2028,1,2,0
"4",2028,2,2,0.000858177
"5",2028,1,3,1.24214e-06
"6",2028,2,3,0.418194
"99",2028,1,1,0.000145136
"100",2028,2,1,0
"199",2028,1,2,0
"200",2028,2,2,0.000858182
"299",2028,1,3,1.71854e-06
"300",2028,2,3,0.418194
"991",2028,1,1,3.8832e-09
"1001",2028,2,1,0
"1991",2028,1,2,0
"2001",2028,2,2,8.40427e-09
"2991",2028,1,3,4.19047e-09
"3001",2028,2,3,0.00136585
