"","year","seas","fleet","catch"
"1",2029,1,1,1.5
"2",2029,2,1,0
"3",2029,1,2,0
"4",2029,2,2,1.5
"5",2029,1,3,1.5
"6",2029,2,3,0.000184707
"101",2029,1,1,57782.3
"102",2029,2,1,0
"203",2029,1,2,0
"204",2029,2,2,144985
"305",2029,1,3,539.539
"306",2029,2,3,0.000183959
"1011",2029,1,1,1.5
"1021",2029,2,1,0
"2031",2029,1,2,0
"2041",2029,2,2,1.5
"3051",2029,1,3,1.5
"3061",2029,2,3,9.2801e-07
