"","year","seas","fleet","catch"
"1",2023,1,1,0.0306784
"2",2023,2,1,0
"3",2023,1,2,0
"4",2023,2,2,35.2458
"5",2023,1,3,0.00173978
"6",2023,2,3,0.000706986
"89",2023,1,1,0.0306774
"90",2023,2,1,0
"179",2023,1,2,0
"180",2023,2,2,35.2458
"269",2023,1,3,0.00173878
"270",2023,2,3,0.000705988
"891",2023,1,1,2.64522e-06
"901",2023,2,1,0
"1791",2023,1,2,0
"1801",2023,2,2,0.00120333
"2691",2023,1,3,1.08932e-05
"2701",2023,2,3,5.92388e-06
