"","year","seas","fleet","catch"
"1",2025,1,1,1.16501e-06
"2",2025,2,1,0
"3",2025,1,2,0
"4",2025,2,2,0.00357643
"5",2025,1,3,1.5
"6",2025,2,3,2.05019
"93",2025,1,1,1.61556e-06
"94",2025,2,1,0
"187",2025,1,2,0
"188",2025,2,2,0.00357644
"281",2025,1,3,130.917
"282",2025,2,3,2.05019
"931",2025,1,1,4.7905e-11
"941",2025,2,1,0
"1871",2025,1,2,0
"1881",2025,2,2,3.60441e-08
"2811",2025,1,3,1.5
"2821",2025,2,3,0.0398859
