"","year","seas","fleet","catch"
"1",2024,1,1,7.10752e-05
"2",2024,2,1,0
"3",2024,1,2,0
"4",2024,2,2,0.122707
"5",2024,1,3,2.36535e-06
"6",2024,2,3,1.5
"91",2024,1,1,7.09132e-05
"92",2024,2,1,0
"183",2024,1,2,0
"184",2024,2,2,0.122707
"275",2024,1,3,2.58593e-06
"276",2024,2,3,137.393
"911",2024,1,1,3.32042e-09
"921",2024,2,1,0
"1831",2024,1,2,0
"1841",2024,2,2,1.76526e-06
"2751",2024,1,3,1.60534e-08
"2761",2024,2,3,1.5
