"","year","seas","fleet","catch"
"1",2029,1,1,1.5
"2",2029,2,1,0
"3",2029,1,2,0
"4",2029,2,2,1.5
"5",2029,1,3,1.5
"6",2029,2,3,0.509455
"101",2029,1,1,59028.6
"102",2029,2,1,0
"203",2029,1,2,0
"204",2029,2,2,148313
"305",2029,1,3,888.542
"306",2029,2,3,0.509454
"1011",2029,1,1,1.5
"1021",2029,2,1,0
"2031",2029,1,2,0
"2041",2029,2,2,1.5
"3051",2029,1,3,1.5
"3061",2029,2,3,0.00149787
