"","year","seas","fleet","catch"
"1",2025,1,1,867.883
"2",2025,2,1,0
"3",2025,1,2,0
"4",2025,2,2,71425.7
"5",2025,1,3,10.9084
"6",2025,2,3,3.82879
"93",2025,1,1,867.883
"94",2025,2,1,0
"187",2025,1,2,0
"188",2025,2,2,64014.9
"281",2025,1,3,10.9084
"282",2025,2,3,3.82879
"931",2025,1,1,0.186155
"941",2025,2,1,0
"1871",2025,1,2,0
"1881",2025,2,2,4
"2811",2025,1,3,0.100049
"2821",2025,2,3,0.0488773
