"","year","seas","fleet","catch"
"1",2029,1,1,0.00391115
"2",2029,2,1,0
"3",2029,1,2,0
"4",2029,2,2,0.349869
"5",2029,1,3,3.17701e-05
"6",2029,2,3,4.86262e-06
"101",2029,1,1,0.00391098
"102",2029,2,1,0
"203",2029,1,2,0
"204",2029,2,2,0.349869
"305",2029,1,3,3.16207e-05
"306",2029,2,3,4.85403e-06
"1011",2029,1,1,1.13599e-07
"1021",2029,2,1,0
"2031",2029,1,2,0
"2041",2029,2,2,3.10375e-06
"3051",2029,1,3,7.04066e-07
"3061",2029,2,3,1.44423e-07
