"","year","seas","fleet","catch"
"1",2025,1,1,1828.43
"2",2025,2,1,0
"3",2025,1,2,0
"4",2025,2,2,223266
"5",2025,1,3,26.0957
"6",2025,2,3,7.90427
"93",2025,1,1,1828.43
"94",2025,2,1,0
"187",2025,1,2,0
"188",2025,2,2,178275
"281",2025,1,3,26.0957
"282",2025,2,3,7.90427
"931",2025,1,1,0.115691
"941",2025,2,1,0
"1871",2025,1,2,0
"1881",2025,2,2,4
"2811",2025,1,3,0.229166
"2821",2025,2,3,0.100432
