"","year","seas","fleet","catch"
"1",2025,1,1,0.000507365
"2",2025,2,1,0
"3",2025,1,2,0
"4",2025,2,2,0.108393
"5",2025,1,3,5.59697e-06
"6",2025,2,3,3.05664e-06
"93",2025,1,1,0.000507194
"94",2025,2,1,0
"187",2025,1,2,0
"188",2025,2,2,0.108393
"281",2025,1,3,5.56445e-06
"282",2025,2,3,3.17005e-06
"931",2025,1,1,1.51256e-08
"941",2025,2,1,0
"1871",2025,1,2,0
"1881",2025,2,2,2.41945e-06
"2811",2025,1,3,5.46518e-08
"2821",2025,2,3,4.16185e-08
