"","year","seas","fleet","catch"
"1",2029,1,1,0.00064389
"2",2029,2,1,0
"3",2029,1,2,0
"4",2029,2,2,0.0724381
"5",2029,1,3,1.62318e-05
"6",2029,2,3,1.5
"101",2029,1,1,0.00064314
"102",2029,2,1,0
"203",2029,1,2,0
"204",2029,2,2,0.0724374
"305",2029,1,3,1.54983e-05
"306",2029,2,3,630.451
"1011",2029,1,1,1.39995e-08
"1021",2029,2,1,0
"2031",2029,1,2,0
"2041",2029,2,2,5.09416e-07
"3051",2029,1,3,2.21892e-08
"3061",2029,2,3,1.5
