"","year","seas","fleet","catch"
"1",2025,1,1,25.4224
"2",2025,2,1,0
"3",2025,1,2,0
"4",2025,2,2,372.976
"5",2025,1,3,0.808294
"6",2025,2,3,0.0360553
"93",2025,1,1,25.4224
"94",2025,2,1,0
"187",2025,1,2,0
"188",2025,2,2,372.976
"281",2025,1,3,0.808293
"282",2025,2,3,0.0360543
"931",2025,1,1,0.00169758
"941",2025,2,1,0
"1871",2025,1,2,0
"1881",2025,2,2,0.00885495
"2811",2025,1,3,0.0102069
"2821",2025,2,3,0.00061142
