"","year","seas","fleet","catch"
"1",2023,1,1,5.13178e-05
"2",2023,2,1,0
"3",2023,1,2,0
"4",2023,2,2,0.118405
"5",2023,1,3,2.58739e-06
"6",2023,2,3,1.5
"89",2023,1,1,5.11597e-05
"90",2023,2,1,0
"179",2023,1,2,0
"180",2023,2,2,0.118405
"269",2023,1,3,2.76399e-06
"270",2023,2,3,143.157
"891",2023,1,1,4.14835e-09
"901",2023,2,1,0
"1791",2023,1,2,0
"1801",2023,2,2,3.4866e-06
"2691",2023,1,3,1.64936e-08
"2701",2023,2,3,1.5
