"","year","seas","fleet","catch"
"1",2025,1,1,3943.7
"2",2025,2,1,0
"3",2025,1,2,0
"4",2025,2,2,0.0229752
"5",2025,1,3,7.89707
"6",2025,2,3,5.63945
"93",2025,1,1,3943.7
"94",2025,2,1,0
"187",2025,1,2,0
"188",2025,2,2,0.0229742
"281",2025,1,3,7.89707
"282",2025,2,3,5.63945
"931",2025,1,1,0.241341
"941",2025,2,1,0
"1871",2025,1,2,0
"1881",2025,2,2,4.33776e-07
"2811",2025,1,3,0.090182
"2821",2025,2,3,0.0887234
