"","year","seas","fleet","catch"
"1",2024,1,1,1.5
"2",2024,2,1,0
"3",2024,1,2,0
"4",2024,2,2,0.00449638
"5",2024,1,3,1.5
"6",2024,2,3,1.743
"91",2024,1,1,21532.4
"92",2024,2,1,0
"183",2024,1,2,0
"184",2024,2,2,0.00449563
"275",2024,1,3,130.256
"276",2024,2,3,1.743
"911",2024,1,1,1.5
"921",2024,2,1,0
"1831",2024,1,2,0
"1841",2024,2,2,1.06271e-07
"2751",2024,1,3,1.5
"2761",2024,2,3,0.0365904
