"","year","seas","fleet","catch"
"1",2022,1,1,0.00582669
"2",2022,2,1,0
"3",2022,1,2,0
"4",2022,2,2,0.229141
"5",2022,1,3,3.61891e-05
"6",2022,2,3,3.2223e-05
"87",2022,1,1,0.00582569
"88",2022,2,1,0
"175",2022,1,2,0
"176",2022,2,2,0.22914
"263",2022,1,3,3.51898e-05
"264",2022,2,3,3.12241e-05
"871",2022,1,1,1.12531e-06
"881",2022,2,1,0
"1751",2022,1,2,0
"1761",2022,2,2,8.64369e-06
"2631",2022,1,3,1.70216e-07
"2641",2022,2,3,2.02329e-07
