"","year","seas","fleet","catch"
"1",2025,1,1,1.5
"2",2025,2,1,0
"3",2025,1,2,0
"4",2025,2,2,0.000838548
"5",2025,1,3,1.5
"6",2025,2,3,0.93547
"93",2025,1,1,17418.7
"94",2025,2,1,0
"187",2025,1,2,0
"188",2025,2,2,0.000837798
"281",2025,1,3,115.584
"282",2025,2,3,0.935469
"931",2025,1,1,1.5
"941",2025,2,1,0
"1871",2025,1,2,0
"1881",2025,2,2,1.62793e-08
"2811",2025,1,3,1.5
"2821",2025,2,3,0.0207313
