"","year","seas","fleet","catch"
"1",2029,1,1,0.0166297
"2",2029,2,1,0
"3",2029,1,2,0
"4",2029,2,2,2.38362
"5",2029,1,3,0.000695359
"6",2029,2,3,0.00028718
"101",2029,1,1,0.0166287
"102",2029,2,1,0
"203",2029,1,2,0
"204",2029,2,2,2.38362
"305",2029,1,3,0.000694359
"306",2029,2,3,0.00028618
"1011",2029,1,1,7.85577e-07
"1021",2029,2,1,0
"2031",2029,1,2,0
"2041",2029,2,2,6.59e-05
"3051",2029,1,3,3.87221e-08
"3061",2029,2,3,2.01099e-08
