"","year","seas","fleet","catch"
"1",2025,1,1,0.00240777
"2",2025,2,1,0
"3",2025,1,2,0
"4",2025,2,2,0.331514
"5",2025,1,3,2.41771e-05
"6",2025,2,3,5.77514e-06
"93",2025,1,1,0.00240733
"94",2025,2,1,0
"187",2025,1,2,0
"188",2025,2,2,0.331514
"281",2025,1,3,2.37622e-05
"282",2025,2,3,5.44524e-06
"931",2025,1,1,5.19245e-08
"941",2025,2,1,0
"1871",2025,1,2,0
"1881",2025,2,2,6.64819e-06
"2811",2025,1,3,6.8667e-06
"2821",2025,2,3,2.08739e-06
