"","year","seas","fleet","catch"
"1",2027,1,1,1.5
"2",2027,2,1,0
"3",2027,1,2,0
"4",2027,2,2,0.380017
"5",2027,1,3,1.5
"6",2027,2,3,1.5
"97",2027,1,1,21685.9
"98",2027,2,1,0
"195",2027,1,2,0
"196",2027,2,2,0.380016
"293",2027,1,3,322.016
"294",2027,2,3,166.361
"971",2027,1,1,1.5
"981",2027,2,1,0
"1951",2027,1,2,0
"1961",2027,2,2,6.13152e-06
"2931",2027,1,3,1.5
"2941",2027,2,3,1.5
