"","year","seas","fleet","catch"
"1",2025,1,1,1177.15
"2",2025,2,1,0
"3",2025,1,2,0
"4",2025,2,2,121772
"5",2025,1,3,13.7426
"6",2025,2,3,4.26967
"93",2025,1,1,1177.15
"94",2025,2,1,0
"187",2025,1,2,0
"188",2025,2,2,112641
"281",2025,1,3,13.7426
"282",2025,2,3,4.26967
"931",2025,1,1,0.119423
"941",2025,2,1,0
"1871",2025,1,2,0
"1881",2025,2,2,4
"2811",2025,1,3,0.0889103
"2821",2025,2,3,0.0382955
