"","year","seas","fleet","catch"
"1",2029,1,1,514.347
"2",2029,2,1,0
"3",2029,1,2,0
"4",2029,2,2,48027.6
"5",2029,1,3,7.55188
"6",2029,2,3,3.58276
"101",2029,1,1,514.347
"102",2029,2,1,0
"203",2029,1,2,0
"204",2029,2,2,48027.6
"305",2029,1,3,7.55188
"306",2029,2,3,3.58276
"1011",2029,1,1,0.0123694
"1021",2029,2,1,0
"2031",2029,1,2,0
"2041",2029,2,2,1.11649
"3051",2029,1,3,0.000467643
"3061",2029,2,3,0.000297168
