"","year","seas","fleet","catch"
"1",2027,1,1,0.182627
"2",2027,2,1,0
"3",2027,1,2,0
"4",2027,2,2,1.5
"5",2027,1,3,0.00213387
"6",2027,2,3,1.7821e-06
"97",2027,1,1,0.182627
"98",2027,2,1,0
"195",2027,1,2,0
"196",2027,2,2,104295
"293",2027,1,3,0.0021337
"294",2027,2,3,2.09519e-06
"971",2027,1,1,8.20075e-06
"981",2027,2,1,0
"1951",2027,1,2,0
"1961",2027,2,2,1.5
"2931",2027,1,3,7.76704e-06
"2941",2027,2,3,1.02572e-08
