"","year","seas","fleet","catch"
"1",2025,1,1,1.32949e-05
"2",2025,2,1,0
"3",2025,1,2,0
"4",2025,2,2,0.0305731
"5",2025,1,3,1.10745e-06
"6",2025,2,3,1.5
"93",2025,1,1,1.33512e-05
"94",2025,2,1,0
"187",2025,1,2,0
"188",2025,2,2,0.0305731
"281",2025,1,3,1.54375e-06
"282",2025,2,3,132.429
"931",2025,1,1,8.52555e-10
"941",2025,2,1,0
"1871",2025,1,2,0
"1881",2025,2,2,6.62449e-07
"2811",2025,1,3,1.02163e-08
"2821",2025,2,3,1.5
