"","year","seas","fleet","catch"
"1",2028,1,1,1.5
"2",2028,2,1,0
"3",2028,1,2,0
"4",2028,2,2,0.402591
"5",2028,1,3,1.5
"6",2028,2,3,1.5
"99",2028,1,1,29508.5
"100",2028,2,1,0
"199",2028,1,2,0
"200",2028,2,2,0.40259
"299",2028,1,3,728.864
"300",2028,2,3,335.236
"991",2028,1,1,1.5
"1001",2028,2,1,0
"1991",2028,1,2,0
"2001",2028,2,2,4.5418e-06
"2991",2028,1,3,1.5
"3001",2028,2,3,1.5
