"","year","seas","fleet","catch"
"1",2027,1,1,0.270065
"2",2027,2,1,0
"3",2027,1,2,0
"4",2027,2,2,1.55152e-06
"5",2027,1,3,0.00141629
"6",2027,2,3,1.5
"97",2027,1,1,0.270065
"98",2027,2,1,0
"195",2027,1,2,0
"196",2027,2,2,1.87972e-06
"293",2027,1,3,0.00141612
"294",2027,2,3,105.703
"971",2027,1,1,1.51284e-05
"981",2027,2,1,0
"1951",2027,1,2,0
"1961",2027,2,2,2.34226e-11
"2931",2027,1,3,1.30634e-05
"2941",2027,2,3,1.5
