"","year","seas","fleet","catch"
"1",2029,1,1,1.5
"2",2029,2,1,0
"3",2029,1,2,0
"4",2029,2,2,0.688347
"5",2029,1,3,1.5
"6",2029,2,3,1.55294e-05
"101",2029,1,1,40974.1
"102",2029,2,1,0
"203",2029,1,2,0
"204",2029,2,2,0.688346
"305",2029,1,3,443.813
"306",2029,2,3,1.47972e-05
"1011",2029,1,1,1.5
"1021",2029,2,1,0
"2031",2029,1,2,0
"2041",2029,2,2,7.67246e-06
"3051",2029,1,3,1.5
"3061",2029,2,3,9.05836e-08
