"","year","seas","fleet","catch"
"1",2025,1,1,0.0110222
"2",2025,2,1,0
"3",2025,1,2,0
"4",2025,2,2,7029.56
"5",2025,1,3,0.000107897
"6",2025,2,3,64.1724
"93",2025,1,1,0.0110212
"94",2025,2,1,0
"187",2025,1,2,0
"188",2025,2,2,7029.56
"281",2025,1,3,0.000106894
"282",2025,2,3,64.1724
"931",2025,1,1,1.0339e-06
"941",2025,2,1,0
"1871",2025,1,2,0
"1881",2025,2,2,0.200296
"2811",2025,1,3,1.81669e-06
"2821",2025,2,3,1.95327
