"","year","seas","fleet","catch"
"1",2029,1,1,0.160617
"2",2029,2,1,0
"3",2029,1,2,0
"4",2029,2,2,1.98546e-06
"5",2029,1,3,0.000233673
"6",2029,2,3,0.000124968
"101",2029,1,1,0.160617
"102",2029,2,1,0
"203",2029,1,2,0
"204",2029,2,2,2.31164e-06
"305",2029,1,3,0.000233504
"306",2029,2,3,0.000124802
"1011",2029,1,1,3.39825e-06
"1021",2029,2,1,0
"2031",2029,1,2,0
"2041",2029,2,2,1.67794e-11
"3051",2029,1,3,6.70066e-07
"3061",2029,2,3,4.79366e-07
