"","year","seas","fleet","catch"
"1",2028,1,1,0.332767
"2",2028,2,1,0
"3",2028,1,2,0
"4",2028,2,2,1.5
"5",2028,1,3,1.5
"6",2028,2,3,0.0011079
"99",2028,1,1,0.332766
"100",2028,2,1,0
"199",2028,1,2,0
"200",2028,2,2,115024
"299",2028,1,3,234.485
"300",2028,2,3,0.00110715
"991",2028,1,1,1.05623e-05
"1001",2028,2,1,0
"1991",2028,1,2,0
"2001",2028,2,2,1.5
"2991",2028,1,3,1.5
"3001",2028,2,3,1.16483e-05
