"","year","seas","fleet","catch"
"1",2029,1,1,0.0931637
"2",2029,2,1,0
"3",2029,1,2,0
"4",2029,2,2,3.86013e-06
"5",2029,1,3,0.000133567
"6",2029,2,3,7.39681e-05
"101",2029,1,1,0.0931635
"102",2029,2,1,0
"203",2029,1,2,0
"204",2029,2,2,3.90164e-06
"305",2029,1,3,0.0001334
"306",2029,2,3,7.38058e-05
"1011",2029,1,1,1.96911e-06
"1021",2029,2,1,0
"2031",2029,1,2,0
"2041",2029,2,2,2.82966e-11
"3051",2029,1,3,3.81747e-07
"3061",2029,2,3,2.82705e-07
