"","year","seas","fleet","catch"
"1",2029,1,1,0.227225
"2",2029,2,1,0
"3",2029,1,2,0
"4",2029,2,2,4.68458e-05
"5",2029,1,3,0.00152672
"6",2029,2,3,0.000228266
"101",2029,1,1,0.227224
"102",2029,2,1,0
"203",2029,1,2,0
"204",2029,2,2,4.58458e-05
"305",2029,1,3,0.00152572
"306",2029,2,3,0.000227267
"1011",2029,1,1,5.18843e-06
"1021",2029,2,1,0
"2031",2029,1,2,0
"2041",2029,2,2,3.37768e-10
"3051",2029,1,3,7.02027e-06
"3061",2029,2,3,1.39978e-06
