"","year","seas","fleet","catch"
"1",2029,1,1,123.322
"2",2029,2,1,0
"3",2029,1,2,0
"4",2029,2,2,11842.6
"5",2029,1,3,3.39435
"6",2029,2,3,1.41435
"101",2029,1,1,123.322
"102",2029,2,1,0
"203",2029,1,2,0
"204",2029,2,2,11842.6
"305",2029,1,3,3.39435
"306",2029,2,3,1.41435
"1011",2029,1,1,0.00314469
"1021",2029,2,1,0
"2031",2029,1,2,0
"2041",2029,2,2,0.240219
"3051",2029,1,3,0.000122327
"3061",2029,2,3,6.51261e-05
