"","year","seas","fleet","catch"
"1",2025,1,1,1.5
"2",2025,2,1,0
"3",2025,1,2,0
"4",2025,2,2,0.302396
"5",2025,1,3,1.5
"6",2025,2,3,1.5
"93",2025,1,1,12907
"94",2025,2,1,0
"187",2025,1,2,0
"188",2025,2,2,0.302395
"281",2025,1,3,100.564
"282",2025,2,3,44.6179
"931",2025,1,1,1.5
"941",2025,2,1,0
"1871",2025,1,2,0
"1881",2025,2,2,9.12962e-06
"2811",2025,1,3,1.5
"2821",2025,2,3,1.5
