"","year","seas","fleet","catch"
"1",2027,1,1,0.000115523
"2",2027,2,1,0
"3",2027,1,2,0
"4",2027,2,2,0.00152504
"5",2027,1,3,6.52127e-05
"6",2027,2,3,5.5435e-06
"97",2027,1,1,0.00011509
"98",2027,2,1,0
"195",2027,1,2,0
"196",2027,2,2,0.0015246
"293",2027,1,3,6.47835e-05
"294",2027,2,3,5.21906e-06
"971",2027,1,1,4.48424e-09
"981",2027,2,1,0
"1951",2027,1,2,0
"1961",2027,2,2,1.74324e-08
"2931",2027,1,3,3.04408e-07
"2941",2027,2,3,3.2825e-08
