"","year","seas","fleet","catch"
"1",2026,1,1,0.00142788
"2",2026,2,1,0
"3",2026,1,2,0
"4",2026,2,2,0.0478724
"5",2026,1,3,0.000392209
"6",2026,2,3,3.24166e-05
"95",2026,1,1,0.00142688
"96",2026,2,1,0
"191",2026,1,2,0
"192",2026,2,2,0.0478714
"287",2026,1,3,0.000391211
"288",2026,2,3,3.14202e-05
"951",2026,1,1,6.98879e-08
"961",2026,2,1,0
"1911",2026,1,2,0
"1921",2026,2,2,7.27645e-07
"2871",2026,1,3,5.10092e-06
"2881",2026,2,3,5.48345e-07
