"","year","seas","fleet","catch"
"1",2024,1,1,0.00109142
"2",2024,2,1,0
"3",2024,1,2,0
"4",2024,2,2,0.0924697
"5",2024,1,3,1.2964e-05
"6",2024,2,3,7.55763e-06
"91",2024,1,1,0.00109042
"92",2024,2,1,0
"183",2024,1,2,0
"184",2024,2,2,0.0924687
"275",2024,1,3,1.19675e-05
"276",2024,2,3,6.55605e-06
"911",2024,1,1,2.61421e-08
"921",2024,2,1,0
"1831",2024,1,2,0
"1841",2024,2,2,3.85866e-06
"2751",2024,1,3,1.56865e-07
"2761",2024,2,3,1.1488e-07
