"","year","seas","fleet","catch"
"1",2025,1,1,3.40693e-06
"2",2025,2,1,0
"3",2025,1,2,0
"4",2025,2,2,0.0285935
"5",2025,1,3,1.5
"6",2025,2,3,1.11726
"93",2025,1,1,3.48262e-06
"94",2025,2,1,0
"187",2025,1,2,0
"188",2025,2,2,0.0285933
"281",2025,1,3,104.25
"282",2025,2,3,1.11726
"931",2025,1,1,1.15819e-10
"941",2025,2,1,0
"1871",2025,1,2,0
"1881",2025,2,2,1.97653e-07
"2811",2025,1,3,1.5
"2821",2025,2,3,0.0270758
