"","year","seas","fleet","catch"
"1",2024,1,1,0.000269912
"2",2024,2,1,0
"3",2024,1,2,0
"4",2024,2,2,0.854891
"5",2024,1,3,1.10273e-05
"6",2024,2,3,74.8759
"91",2024,1,1,0.000268912
"92",2024,2,1,0
"183",2024,1,2,0
"184",2024,2,2,0.85489
"275",2024,1,3,1.00303e-05
"276",2024,2,3,74.8759
"911",2024,1,1,1.38718e-08
"921",2024,2,1,0
"1831",2024,1,2,0
"1841",2024,2,2,7.56952e-06
"2751",2024,1,3,9.95767e-08
"2761",2024,2,3,1.23233
