"","year","seas","fleet","catch"
"1",2025,1,1,1.5
"2",2025,2,1,0
"3",2025,1,2,0
"4",2025,2,2,0.705021
"5",2025,1,3,1.5
"6",2025,2,3,1.5
"93",2025,1,1,12903
"94",2025,2,1,0
"187",2025,1,2,0
"188",2025,2,2,0.70502
"281",2025,1,3,110.074
"282",2025,2,3,49.2213
"931",2025,1,1,1.5
"941",2025,2,1,0
"1871",2025,1,2,0
"1881",2025,2,2,2.11216e-05
"2811",2025,1,3,1.5
"2821",2025,2,3,1.5
