"","year","seas","fleet","catch"
"1",2029,1,1,0.0409917
"2",2029,2,1,0
"3",2029,1,2,0
"4",2029,2,2,22987.8
"5",2029,1,3,31.4381
"6",2029,2,3,0.000162758
"101",2029,1,1,0.0409907
"102",2029,2,1,0
"203",2029,1,2,0
"204",2029,2,2,22987.8
"305",2029,1,3,31.4381
"306",2029,2,3,0.000161757
"1011",2029,1,1,1.33989e-06
"1021",2029,2,1,0
"2031",2029,1,2,0
"2041",2029,2,2,0.243373
"3051",2029,1,3,0.12184
"3061",2029,2,3,8.57364e-07
