"","year","seas","fleet","catch"
"1",2025,1,1,0.0536874
"2",2025,2,1,0
"3",2025,1,2,0
"4",2025,2,2,15.1649
"5",2025,1,3,0.00164992
"6",2025,2,3,0.000603857
"93",2025,1,1,0.0536864
"94",2025,2,1,0
"187",2025,1,2,0
"188",2025,2,2,15.1649
"281",2025,1,3,0.00164892
"282",2025,2,3,0.000602872
"931",2025,1,1,9.10616e-06
"941",2025,2,1,0
"1871",2025,1,2,0
"1881",2025,2,2,0.000716057
"2811",2025,1,3,1.51832e-05
"2821",2025,2,3,7.43808e-06
