"","year","seas","fleet","catch"
"1",2025,1,1,0.000456311
"2",2025,2,1,0
"3",2025,1,2,0
"4",2025,2,2,0.105615
"5",2025,1,3,1.44561e-06
"6",2025,2,3,1.30787e-06
"93",2025,1,1,0.00045614
"94",2025,2,1,0
"187",2025,1,2,0
"188",2025,2,2,0.105615
"281",2025,1,3,1.79914e-06
"282",2025,2,3,1.69724e-06
"931",2025,1,1,1.37864e-08
"941",2025,2,1,0
"1871",2025,1,2,0
"1881",2025,2,2,1.09215e-06
"2811",2025,1,3,1.28055e-08
"2821",2025,2,3,1.61848e-08
