"","year","seas","fleet","catch"
"1",2024,1,1,1069.11
"2",2024,2,1,0
"3",2024,1,2,0
"4",2024,2,2,89411.7
"5",2024,1,3,19.7896
"6",2024,2,3,6.59046
"91",2024,1,1,1069.11
"92",2024,2,1,0
"183",2024,1,2,0
"184",2024,2,2,89411.7
"275",2024,1,3,19.7896
"276",2024,2,3,6.59046
"911",2024,1,1,0.020704
"921",2024,2,1,0
"1831",2024,1,2,0
"1841",2024,2,2,1.20919
"2751",2024,1,3,0.00135887
"2761",2024,2,3,0.000623201
