"","year","seas","fleet","catch"
"1",2029,1,1,1.5
"2",2029,2,1,0
"3",2029,1,2,0
"4",2029,2,2,1.5
"5",2029,1,3,0.0574854
"6",2029,2,3,0.00892927
"101",2029,1,1,56439.6
"102",2029,2,1,0
"203",2029,1,2,0
"204",2029,2,2,136530
"305",2029,1,3,0.0574847
"306",2029,2,3,0.00892852
"1011",2029,1,1,1.5
"1021",2029,2,1,0
"2031",2029,1,2,0
"2041",2029,2,2,1.5
"3051",2029,1,3,0.000225574
"3061",2029,2,3,4.73753e-05
