"","year","seas","fleet","catch"
"1",2026,1,1,1422.88
"2",2026,2,1,0
"3",2026,1,2,0
"4",2026,2,2,4.36423
"5",2026,1,3,1.1118
"6",2026,2,3,0.000408082
"95",2026,1,1,1422.88
"96",2026,2,1,0
"191",2026,1,2,0
"192",2026,2,2,4.36423
"287",2026,1,3,1.1118
"288",2026,2,3,0.000407067
"951",2026,1,1,0.119627
"961",2026,2,1,0
"1911",2026,1,2,0
"1921",2026,2,2,7.08416e-05
"2871",2026,1,3,0.0161808
"2881",2026,2,3,7.95665e-06
