"","year","seas","fleet","catch"
"1",2026,1,1,0.00398995
"2",2026,2,1,0
"3",2026,1,2,0
"4",2026,2,2,0.0892489
"5",2026,1,3,0.000131484
"6",2026,2,3,5.90914e-06
"95",2026,1,1,0.00398951
"96",2026,2,1,0
"191",2026,1,2,0
"192",2026,2,2,0.0892485
"287",2026,1,3,0.000131052
"288",2026,2,3,5.57927e-06
"951",2026,1,1,1.98791e-07
"961",2026,2,1,0
"1911",2026,1,2,0
"1921",2026,2,2,1.46532e-06
"2871",2026,1,3,1.36415e-06
"2881",2026,2,3,7.77874e-08
