"","year","seas","fleet","catch"
"1",2027,1,1,0.0430115
"2",2027,2,1,0
"3",2027,1,2,0
"4",2027,2,2,0.456361
"5",2027,1,3,1.20392e-06
"6",2027,2,3,1.5
"97",2027,1,1,0.0430115
"98",2027,2,1,0
"195",2027,1,2,0
"196",2027,2,2,0.456361
"293",2027,1,3,1.66662e-06
"294",2027,2,3,132.051
"971",2027,1,1,3.4647e-06
"981",2027,2,1,0
"1951",2027,1,2,0
"1961",2027,2,2,7.37161e-06
"2931",2027,1,3,1.17098e-08
"2941",2027,2,3,1.5
