"","year","seas","fleet","catch"
"1",2020,1,1,4.83751
"2",2020,2,1,0
"3",2020,1,2,0
"4",2020,2,2,738.469
"5",2020,1,3,0.19976
"6",2020,2,3,0.0680034
"83",2020,1,1,4.83751
"84",2020,2,1,0
"167",2020,1,2,0
"168",2020,2,2,738.469
"251",2020,1,3,0.199759
"252",2020,2,3,0.0680024
"831",2020,1,1,0.00212931
"841",2020,2,1,0
"1671",2020,1,2,0
"1681",2020,2,2,0.0770935
"2511",2020,1,3,0.000366927
"2521",2020,2,3,0.000167386
