"","year","seas","fleet","catch"
"1",2029,1,1,0.00373583
"2",2029,2,1,0
"3",2029,1,2,0
"4",2029,2,2,0.0516955
"5",2029,1,3,1.5
"6",2029,2,3,1.01072
"101",2029,1,1,0.00373508
"102",2029,2,1,0
"203",2029,1,2,0
"204",2029,2,2,0.0516948
"305",2029,1,3,375.377
"306",2029,2,3,1.01072
"1011",2029,1,1,9.99768e-08
"1021",2029,2,1,0
"2031",2029,1,2,0
"2041",2029,2,2,3.83924e-07
"3051",2029,1,3,1.5
"3061",2029,2,3,0.00726474
