"","year","seas","fleet","catch"
"1",2021,1,1,8.58833e-05
"2",2021,2,1,0
"3",2021,1,2,0
"4",2021,2,2,0.0655845
"5",2021,1,3,5.16427e-06
"6",2021,2,3,1.87464e-06
"85",2021,1,1,8.57196e-05
"86",2021,2,1,0
"171",2021,1,2,0
"172",2021,2,2,0.0655843
"257",2021,1,3,5.14503e-06
"258",2021,2,3,2.19145e-06
"851",2021,1,1,2.71078e-08
"861",2021,2,1,0
"1711",2021,1,2,0
"1721",2021,2,2,3.31247e-06
"2571",2021,1,3,1.57014e-08
"2581",2021,2,3,8.96e-09
