"","year","seas","fleet","catch"
"1",2020,1,1,24.0084
"2",2020,2,1,0
"3",2020,1,2,0
"4",2020,2,2,3669.95
"5",2020,1,3,0.975096
"6",2020,2,3,0.326245
"83",2020,1,1,24.0084
"84",2020,2,1,0
"167",2020,1,2,0
"168",2020,2,2,3669.95
"251",2020,1,3,0.975095
"252",2020,2,3,0.326244
"831",2020,1,1,0.0105806
"841",2020,2,1,0
"1671",2020,1,2,0
"1681",2020,2,2,0.401239
"2511",2020,1,3,0.00179169
"2521",2020,2,3,0.000803961
