"","year","seas","fleet","catch"
"1",2020,1,1,50.5233
"2",2020,2,1,0
"3",2020,1,2,0
"4",2020,2,2,7111.03
"5",2020,1,3,3.01693
"6",2020,2,3,0.998836
"83",2020,1,1,50.5233
"84",2020,2,1,0
"167",2020,1,2,0
"168",2020,2,2,7111.03
"251",2020,1,3,3.01693
"252",2020,2,3,0.998835
"831",2020,1,1,0.0223034
"841",2020,2,1,0
"1671",2020,1,2,0
"1681",2020,2,2,0.823475
"2511",2020,1,3,0.00554818
"2521",2020,2,3,0.00246779
