"","year","seas","fleet","catch"
"1",2023,1,1,5.53869e-06
"2",2023,2,1,0
"3",2023,1,2,0
"4",2023,2,2,0.0532396
"5",2023,1,3,1.5
"6",2023,2,3,1.5
"89",2023,1,1,5.21431e-06
"90",2023,2,1,0
"179",2023,1,2,0
"180",2023,2,2,0.0532392
"269",2023,1,3,190.867
"270",2023,2,3,80.7732
"891",2023,1,1,4.29972e-10
"901",2023,2,1,0
"1791",2023,1,2,0
"1801",2023,2,2,1.79724e-06
"2691",2023,1,3,1.5
"2701",2023,2,3,1.5
