"","year","seas","fleet","catch"
"1",2022,1,1,2.43351e-05
"2",2022,2,1,0
"3",2022,1,2,0
"4",2022,2,2,0.104563
"5",2022,1,3,3.46036e-06
"6",2022,2,3,1.2981e-06
"87",2022,1,1,2.41926e-05
"88",2022,2,1,0
"175",2022,1,2,0
"176",2022,2,2,0.104563
"263",2022,1,3,3.53122e-06
"264",2022,2,3,1.68034e-06
"871",2022,1,1,4.03422e-09
"881",2022,2,1,0
"1751",2022,1,2,0
"1761",2022,2,2,3.39792e-06
"2631",2022,1,3,1.687e-08
"2641",2022,2,3,1.07539e-08
