"","year","seas","fleet","catch"
"1",2021,1,1,6.18623
"2",2021,2,1,0
"3",2021,1,2,0
"4",2021,2,2,498.366
"5",2021,1,3,0.108987
"6",2021,2,3,0.0390676
"85",2021,1,1,6.18623
"86",2021,2,1,0
"171",2021,1,2,0
"172",2021,2,2,498.366
"257",2021,1,3,0.108986
"258",2021,2,3,0.0390666
"851",2021,1,1,0.00020324
"861",2021,2,1,0
"1711",2021,1,2,0
"1721",2021,2,2,0.0147835
"2571",2021,1,3,1.86134e-05
"2581",2021,2,3,8.37022e-06
