"","year","seas","fleet","catch"
"1",2029,1,1,0.290928
"2",2029,2,1,0
"3",2029,1,2,0
"4",2029,2,2,9.41604e-06
"5",2029,1,3,1.5
"6",2029,2,3,0.00277076
"101",2029,1,1,0.290927
"102",2029,2,1,0
"203",2029,1,2,0
"204",2029,2,2,8.69575e-06
"305",2029,1,3,267.69
"306",2029,2,3,0.00277001
"1011",2029,1,1,1.18372e-05
"1021",2029,2,1,0
"2031",2029,1,2,0
"2041",2029,2,2,7.3428e-11
"3051",2029,1,3,1.5
"3061",2029,2,3,2.72191e-05
