"","year","seas","fleet","catch"
"1",2022,1,1,4.11888e-05
"2",2022,2,1,0
"3",2022,1,2,0
"4",2022,2,2,0.0267885
"5",2022,1,3,1.96457e-06
"6",2022,2,3,1.5
"87",2022,1,1,4.10341e-05
"88",2022,2,1,0
"175",2022,1,2,0
"176",2022,2,2,0.0267883
"263",2022,1,3,2.28858e-06
"264",2022,2,3,175.092
"871",2022,1,1,6.40179e-09
"881",2022,2,1,0
"1751",2022,1,2,0
"1761",2022,2,2,8.58416e-07
"2631",2022,1,3,1.0852e-08
"2641",2022,2,3,1.5
