"","year","seas","fleet","catch"
"1",2020,1,1,204.007284425204
"2",2020,2,1,0
"3",2020,1,2,0
"4",2020,2,2,3653.69718954613
"5",2020,1,3,1.5
"6",2020,2,3,0.427387232946138
"83",2020,1,1,204.007
"84",2020,2,1,0
"167",2020,1,2,0
"168",2020,2,2,3653.7
"251",2020,1,3,5697.68
"252",2020,2,3,0.427386
"831",2020,1,1,0.0153741
"841",2020,2,1,0
"1671",2020,1,2,0
"1681",2020,2,2,0.143376
"2511",2020,1,3,1.5
"2521",2020,2,3,0.000190762
