"","year","seas","fleet","catch"
"1",2022,1,1,5.10681e-05
"2",2022,2,1,0
"3",2022,1,2,0
"4",2022,2,2,0.0701418
"5",2022,1,3,3.78434e-06
"6",2022,2,3,1.22317e-06
"87",2022,1,1,5.10855e-05
"88",2022,2,1,0
"175",2022,1,2,0
"176",2022,2,2,0.0701418
"263",2022,1,3,3.97801e-06
"264",2022,2,3,1.69257e-06
"871",2022,1,1,9.241e-09
"881",2022,2,1,0
"1751",2022,1,2,0
"1761",2022,2,2,2.31896e-06
"2631",2022,1,3,1.9194e-08
"2641",2022,2,3,1.09403e-08
