"","year","seas","fleet","catch"
"1",2029,1,1,0.0105645
"2",2029,2,1,0
"3",2029,1,2,0
"4",2029,2,2,0.0503101
"5",2029,1,3,0.000193453
"6",2029,2,3,0.14481
"101",2029,1,1,0.0105635
"102",2029,2,1,0
"203",2029,1,2,0
"204",2029,2,2,0.0503091
"305",2029,1,3,0.000192453
"306",2029,2,3,0.144809
"1011",2029,1,1,2.13895e-07
"1021",2029,2,1,0
"2031",2029,1,2,0
"2041",2029,2,2,3.51072e-07
"3051",2029,1,3,4.16659e-07
"3061",2029,2,3,0.000419663
