"","year","seas","fleet","catch"
"1",2023,1,1,2.07085e-05
"2",2023,2,1,0
"3",2023,1,2,0
"4",2023,2,2,0.0365521
"5",2023,1,3,1.32852e-06
"6",2023,2,3,1.5
"89",2023,1,1,2.05713e-05
"90",2023,2,1,0
"179",2023,1,2,0
"180",2023,2,2,0.0365519
"269",2023,1,3,1.7321e-06
"270",2023,2,3,137.46
"891",2023,1,1,1.7506e-09
"901",2023,2,1,0
"1791",2023,1,2,0
"1801",2023,2,2,1.24365e-06
"2691",2023,1,3,1.07103e-08
"2701",2023,2,3,1.5
