"","year","seas","fleet","catch"
"1",2025,1,1,405.352
"2",2025,2,1,0
"3",2025,1,2,0
"4",2025,2,2,53735.3
"5",2025,1,3,9.13485
"6",2025,2,3,2.941
"93",2025,1,1,405.352
"94",2025,2,1,0
"187",2025,1,2,0
"188",2025,2,2,53735.3
"281",2025,1,3,9.13485
"282",2025,2,3,2.941
"931",2025,1,1,0.0634201
"941",2025,2,1,0
"1871",2025,1,2,0
"1881",2025,2,2,2.42092
"2811",2025,1,3,0.106524
"2821",2025,2,3,0.0476391
