"","year","seas","fleet","catch"
"1",2021,1,1,2186.58
"2",2021,2,1,0
"3",2021,1,2,0
"4",2021,2,2,94863.8
"5",2021,1,3,51.621
"6",2021,2,3,13.0598
"85",2021,1,1,2186.58
"86",2021,2,1,0
"171",2021,1,2,0
"172",2021,2,2,31907.2
"257",2021,1,3,51.621
"258",2021,2,3,13.0598
"851",2021,1,1,0.821329
"861",2021,2,1,0
"1711",2021,1,2,0
"1721",2021,2,2,4
"2571",2021,1,3,0.456974
"2581",2021,2,3,0.183356
