"","year","seas","fleet","catch"
"1",2025,1,1,4.69853e-05
"2",2025,2,1,0
"3",2025,1,2,0
"4",2025,2,2,0.281598
"5",2025,1,3,1.94333e-06
"6",2025,2,3,1.5
"93",2025,1,1,4.68285e-05
"94",2025,2,1,0
"187",2025,1,2,0
"188",2025,2,2,0.281598
"281",2025,1,3,2.26501e-06
"282",2025,2,3,75.6371
"931",2025,1,1,7.82027e-10
"941",2025,2,1,0
"1871",2025,1,2,0
"1881",2025,2,2,1.35e-06
"2811",2025,1,3,2.77809e-08
"2821",2025,2,3,1.5
