"","year","seas","fleet","catch"
"1",2022,1,1,0.000442171
"2",2022,2,1,0
"3",2022,1,2,0
"4",2022,2,2,0.295687
"5",2022,1,3,2.44356e-05
"6",2022,2,3,8.29901e-06
"87",2022,1,1,0.000441171
"88",2022,2,1,0
"175",2022,1,2,0
"176",2022,2,2,0.295686
"263",2022,1,3,2.34293e-05
"264",2022,2,3,7.29811e-06
"871",2022,1,1,4.13114e-08
"881",2022,2,1,0
"1751",2022,1,2,0
"1761",2022,2,2,7.3081e-06
"2631",2022,1,3,2.82617e-07
"2641",2022,2,3,1.17783e-07
