"","year","seas","fleet","catch"
"1",2020,1,1,49.9845
"2",2020,2,1,0
"3",2020,1,2,0
"4",2020,2,2,6678.34
"5",2020,1,3,1.70367
"6",2020,2,3,0.567037
"83",2020,1,1,49.9845
"84",2020,2,1,0
"167",2020,1,2,0
"168",2020,2,2,6678.34
"251",2020,1,3,1.70367
"252",2020,2,3,0.567036
"831",2020,1,1,0.0220648
"841",2020,2,1,0
"1671",2020,1,2,0
"1681",2020,2,2,0.767705
"2511",2020,1,3,0.00313136
"2521",2020,2,3,0.00139894
