"","year","seas","fleet","catch"
"1",2029,1,1,8.45059e-06
"2",2029,2,1,0
"3",2029,1,2,0
"4",2029,2,2,18591.1
"5",2029,1,3,1.5
"6",2029,2,3,1.22402e-06
"101",2029,1,1,8.53761e-06
"102",2029,2,1,0
"203",2029,1,2,0
"204",2029,2,2,18591.1
"305",2029,1,3,384.143
"306",2029,2,3,1.69378e-06
"1011",2029,1,1,2.42689e-10
"1021",2029,2,1,0
"2031",2029,1,2,0
"2041",2029,2,2,0.177969
"3051",2029,1,3,1.5
"3061",2029,2,3,1.19939e-08
