"","year","seas","fleet","catch"
"1",2021,1,1,0.000336878
"2",2021,2,1,0
"3",2021,1,2,0
"4",2021,2,2,0.160571
"5",2021,1,3,1.54185e-05
"6",2021,2,3,5.42832e-06
"85",2021,1,1,0.000336442
"86",2021,2,1,0
"171",2021,1,2,0
"172",2021,2,2,0.160571
"257",2021,1,3,1.50176e-05
"258",2021,2,3,5.10676e-06
"851",2021,1,1,1.19428e-07
"861",2021,2,1,0
"1711",2021,1,2,0
"1721",2021,2,2,8.37044e-06
"2571",2021,1,3,4.5942e-08
"2581",2021,2,3,2.09305e-08
