"","year","seas","fleet","catch"
"1",2027,1,1,0.196439
"2",2027,2,1,0
"3",2027,1,2,0
"4",2027,2,2,3.71323e-05
"5",2027,1,3,0.00180789
"6",2027,2,3,0.00113592
"97",2027,1,1,0.196438
"98",2027,2,1,0
"195",2027,1,2,0
"196",2027,2,2,3.61323e-05
"293",2027,1,3,0.00180689
"294",2027,2,3,0.00113492
"971",2027,1,1,1.2185e-05
"981",2027,2,1,0
"1951",2027,1,2,0
"1961",2027,2,2,4.44046e-10
"2931",2027,1,3,1.40347e-05
"2941",2027,2,3,1.18003e-05
