"","year","seas","fleet","catch"
"1",2026,1,1,1.5
"2",2026,2,1,0
"3",2026,1,2,0
"4",2026,2,2,1.08934
"5",2026,1,3,1.5
"6",2026,2,3,1.5
"95",2026,1,1,15645.3
"96",2026,2,1,0
"191",2026,1,2,0
"192",2026,2,2,1.08934
"287",2026,1,3,153.619
"288",2026,2,3,72.5053
"951",2026,1,1,1.5
"961",2026,2,1,0
"1911",2026,1,2,0
"1921",2026,2,2,1.93568e-05
"2871",2026,1,3,1.5
"2881",2026,2,3,1.5
