"","year","seas","fleet","catch"
"1",2025,1,1,0.0674018
"2",2025,2,1,0
"3",2025,1,2,0
"4",2025,2,2,1.5
"5",2025,1,3,0.000461677
"6",2025,2,3,3.63912e-06
"93",2025,1,1,0.0674016
"94",2025,2,1,0
"187",2025,1,2,0
"188",2025,2,2,52596.2
"281",2025,1,3,0.000461506
"282",2025,2,3,3.69717e-06
"931",2025,1,1,5.05667e-06
"941",2025,2,1,0
"1871",2025,1,2,0
"1881",2025,2,2,1.5
"2811",2025,1,3,7.75151e-06
"2821",2025,2,3,8.36071e-08
