"","year","seas","fleet","catch"
"1",2023,1,1,0.00320071
"2",2023,2,1,0
"3",2023,1,2,0
"4",2023,2,2,0.178844
"5",2023,1,3,0.000146726
"6",2023,2,3,7.6959e-05
"89",2023,1,1,0.00319971
"90",2023,2,1,0
"179",2023,1,2,0
"180",2023,2,2,0.178843
"269",2023,1,3,0.000145727
"270",2023,2,3,7.59612e-05
"891",2023,1,1,3.01463e-07
"901",2023,2,1,0
"1791",2023,1,2,0
"1801",2023,2,2,6.23432e-06
"2691",2023,1,3,9.91927e-07
"2701",2023,2,3,6.92525e-07
