"","year","seas","fleet","catch"
"1",2024,1,1,0.000312211
"2",2024,2,1,0
"3",2024,1,2,0
"4",2024,2,2,0.0246887
"5",2024,1,3,1.05777e-05
"6",2024,2,3,5.53901e-06
"91",2024,1,1,0.000311775
"92",2024,2,1,0
"183",2024,1,2,0
"184",2024,2,2,0.0246883
"275",2024,1,3,1.01955e-05
"276",2024,2,3,5.21562e-06
"911",2024,1,1,1.94739e-08
"921",2024,2,1,0
"1831",2024,1,2,0
"1841",2024,2,2,7.17356e-07
"2751",2024,1,3,8.30484e-08
"2761",2024,2,3,5.69161e-08
