"","year","seas","fleet","catch"
"1",2029,1,1,0.183565
"2",2029,2,1,0
"3",2029,1,2,0
"4",2029,2,2,2.2304e-05
"5",2029,1,3,0.00290266
"6",2029,2,3,0.00154569
"101",2029,1,1,0.183564
"102",2029,2,1,0
"203",2029,1,2,0
"204",2029,2,2,2.1304e-05
"305",2029,1,3,0.00290166
"306",2029,2,3,0.00154469
"1011",2029,1,1,3.88285e-06
"1021",2029,2,1,0
"2031",2029,1,2,0
"2041",2029,2,2,1.45212e-10
"3051",2029,1,3,8.5186e-06
"3061",2029,2,3,6.07099e-06
