"","year","seas","fleet","catch"
"1",2026,1,1,1.5
"2",2026,2,1,0
"3",2026,1,2,0
"4",2026,2,2,0.534737
"5",2026,1,3,1.5
"6",2026,2,3,1.5
"95",2026,1,1,15622.2
"96",2026,2,1,0
"191",2026,1,2,0
"192",2026,2,2,0.534736
"287",2026,1,3,150.682
"288",2026,2,3,71.159
"951",2026,1,1,1.5
"961",2026,2,1,0
"1911",2026,1,2,0
"1921",2026,2,2,9.51512e-06
"2871",2026,1,3,1.5
"2881",2026,2,3,1.5
