"","year","seas","fleet","catch"
"1",2025,1,1,0.134118
"2",2025,2,1,0
"3",2025,1,2,0
"4",2025,2,2,1.5
"5",2025,1,3,0.000710323
"6",2025,2,3,5.08476e-06
"93",2025,1,1,0.134118
"94",2025,2,1,0
"187",2025,1,2,0
"188",2025,2,2,54170.3
"281",2025,1,3,0.000710153
"282",2025,2,3,5.06589e-06
"931",2025,1,1,9.91621e-06
"941",2025,2,1,0
"1871",2025,1,2,0
"1881",2025,2,2,1.5
"2811",2025,1,3,9.17709e-06
"2821",2025,2,3,8.81184e-08
