"","year","seas","fleet","catch"
"1",2029,1,1,415.157
"2",2029,2,1,0
"3",2029,1,2,0
"4",2029,2,2,70703.5
"5",2029,1,3,5.24242
"6",2029,2,3,1.79606
"101",2029,1,1,415.157
"102",2029,2,1,0
"203",2029,1,2,0
"204",2029,2,2,70703.5
"305",2029,1,3,5.24242
"306",2029,2,3,1.79606
"1011",2029,1,1,0.00787797
"1021",2029,2,1,0
"2031",2029,1,2,0
"2041",2029,2,2,0.728782
"3051",2029,1,3,0.000398672
"3061",2029,2,3,0.000179482
