"","year","seas","fleet","catch"
"1",2029,1,1,1.5
"2",2029,2,1,0
"3",2029,1,2,0
"4",2029,2,2,0.517598
"5",2029,1,3,1.5
"6",2029,2,3,9.98088e-06
"101",2029,1,1,42223.9
"102",2029,2,1,0
"203",2029,1,2,0
"204",2029,2,2,0.517597
"305",2029,1,3,359.671
"306",2029,2,3,9.25943e-06
"1011",2029,1,1,1.5
"1021",2029,2,1,0
"2031",2029,1,2,0
"2041",2029,2,2,5.44883e-06
"3051",2029,1,3,1.5
"3061",2029,2,3,6.97852e-08
