"","year","seas","fleet","catch"
"1",2029,1,1,69.9833
"2",2029,2,1,0
"3",2029,1,2,0
"4",2029,2,2,8352.99
"5",2029,1,3,1.34437
"6",2029,2,3,0.539797
"101",2029,1,1,69.9833
"102",2029,2,1,0
"203",2029,1,2,0
"204",2029,2,2,8352.99
"305",2029,1,3,1.34437
"306",2029,2,3,0.539796
"1011",2029,1,1,0.00254198
"1021",2029,2,1,0
"2031",2029,1,2,0
"2041",2029,2,2,0.249587
"3051",2029,1,3,9.42661e-05
"3061",2029,2,3,4.88668e-05
