"","year","seas","fleet","catch"
"1",2025,1,1,0.377641
"2",2025,2,1,0
"3",2025,1,2,0
"4",2025,2,2,1.5
"5",2025,1,3,0.00269086
"6",2025,2,3,4.86786e-06
"93",2025,1,1,0.377641
"94",2025,2,1,0
"187",2025,1,2,0
"188",2025,2,2,54170.3
"281",2025,1,3,0.00269069
"282",2025,2,3,4.85671e-06
"931",2025,1,1,2.79215e-05
"941",2025,2,1,0
"1871",2025,1,2,0
"1881",2025,2,2,1.5
"2811",2025,1,3,3.47081e-05
"2821",2025,2,3,8.43269e-08
