"","year","seas","fleet","catch"
"1",2029,1,1,1.5
"2",2029,2,1,0
"3",2029,1,2,0
"4",2029,2,2,0.515787
"5",2029,1,3,1.5
"6",2029,2,3,0.00180671
"101",2029,1,1,40099.5
"102",2029,2,1,0
"203",2029,1,2,0
"204",2029,2,2,0.515786
"305",2029,1,3,348.243
"306",2029,2,3,0.00180596
"1011",2029,1,1,1.5
"1021",2029,2,1,0
"2031",2029,1,2,0
"2041",2029,2,2,5.44288e-06
"3051",2029,1,3,1.5
"3061",2029,2,3,1.36013e-05
