"","year","seas","fleet","catch"
"1",2025,1,1,0.0815092
"2",2025,2,1,0
"3",2025,1,2,0
"4",2025,2,2,0.309932
"5",2025,1,3,0.000500552
"6",2025,2,3,1.5
"93",2025,1,1,0.0815085
"94",2025,2,1,0
"187",2025,1,2,0
"188",2025,2,2,0.309931
"281",2025,1,3,0.000499817
"282",2025,2,3,65.4359
"931",2025,1,1,9.28622e-06
"941",2025,2,1,0
"1871",2025,1,2,0
"1881",2025,2,2,8.65207e-06
"2811",2025,1,3,6.86999e-06
"2821",2025,2,3,1.5
