"","year","seas","fleet","catch"
"1",2026,1,1,1.5
"2",2026,2,1,0
"3",2026,1,2,0
"4",2026,2,2,9.92139e-06
"5",2026,1,3,0.13289
"6",2026,2,3,0.00209732
"95",2026,1,1,50269.1
"96",2026,2,1,0
"191",2026,1,2,0
"192",2026,2,2,9.19941e-06
"287",2026,1,3,0.132889
"288",2026,2,3,0.00209657
"951",2026,1,1,1.5
"961",2026,2,1,0
"1911",2026,1,2,0
"1921",2026,2,2,7.84062e-11
"2871",2026,1,3,0.0008347
"2881",2026,2,3,1.77481e-05
