"","year","seas","fleet","catch"
"1",2029,1,1,0.00014794
"2",2029,2,1,0
"3",2029,1,2,0
"4",2029,2,2,0.0733037
"5",2029,1,3,0.00018169
"6",2029,2,3,3.40854e-05
"101",2029,1,1,0.00014694
"102",2029,2,1,0
"203",2029,1,2,0
"204",2029,2,2,0.0733027
"305",2029,1,3,0.00018069
"306",2029,2,3,3.30856e-05
"1011",2029,1,1,3.33412e-09
"1021",2029,2,1,0
"2031",2029,1,2,0
"2041",2029,2,2,5.32942e-07
"3051",2029,1,3,2.70573e-07
"3061",2029,2,3,6.63055e-08
