"","year","seas","fleet","catch"
"1",2029,1,1,0.0560138
"2",2029,2,1,0
"3",2029,1,2,0
"4",2029,2,2,3.73615e-06
"5",2029,1,3,0.000190169
"6",2029,2,3,0.000102707
"101",2029,1,1,0.0560136
"102",2029,2,1,0
"203",2029,1,2,0
"204",2029,2,2,3.78604e-06
"305",2029,1,3,0.000190001
"306",2029,2,3,0.000102542
"1011",2029,1,1,1.19644e-06
"1021",2029,2,1,0
"2031",2029,1,2,0
"2041",2029,2,2,2.76915e-11
"3051",2029,1,3,5.54777e-07
"3061",2029,2,3,4.0076e-07
