"","year","seas","fleet","catch"
"1",2021,1,1,0.000163662
"2",2021,2,1,0
"3",2021,1,2,0
"4",2021,2,2,0.0883891
"5",2021,1,3,1.49535e-05
"6",2021,2,3,5.74077e-06
"85",2021,1,1,0.000163228
"86",2021,2,1,0
"171",2021,1,2,0
"172",2021,2,2,0.0883887
"257",2021,1,3,1.45538e-05
"258",2021,2,3,5.41184e-06
"851",2021,1,1,5.89353e-08
"861",2021,2,1,0
"1711",2021,1,2,0
"1721",2021,2,2,4.62922e-06
"2571",2021,1,3,4.46039e-08
"2581",2021,2,3,2.22212e-08
