"","year","seas","fleet","catch"
"1",2029,1,1,1825.11
"2",2029,2,1,0
"3",2029,1,2,0
"4",2029,2,2,80579.6
"5",2029,1,3,15.437
"6",2029,2,3,5.6401
"101",2029,1,1,1825.11
"102",2029,2,1,0
"203",2029,1,2,0
"204",2029,2,2,80579.6
"305",2029,1,3,15.437
"306",2029,2,3,5.6401
"1011",2029,1,1,0.0247613
"1021",2029,2,1,0
"2031",2029,1,2,0
"2041",2029,2,2,1.25341
"3051",2029,1,3,0.000813539
"3061",2029,2,3,0.000403425
