"","year","seas","fleet","catch"
"1",2026,1,1,1.058e-06
"2",2026,2,1,0
"3",2026,1,2,0
"4",2026,2,2,0.13372
"5",2026,1,3,1.5
"6",2026,2,3,1.5
"95",2026,1,1,1.48729e-06
"96",2026,2,1,0
"191",2026,1,2,0
"192",2026,2,2,0.13372
"287",2026,1,3,142.984
"288",2026,2,3,65.4881
"951",2026,1,1,1.28411e-10
"961",2026,2,1,0
"1911",2026,1,2,0
"1921",2026,2,2,2.2588e-06
"2871",2026,1,3,1.5
"2881",2026,2,3,1.5
