"","year","seas","fleet","catch"
"1",2029,1,1,2.49598
"2",2029,2,1,0
"3",2029,1,2,0
"4",2029,2,2,391656
"5",2029,1,3,1.9194e-06
"6",2029,2,3,5.49831
"101",2029,1,1,2.49598
"102",2029,2,1,0
"203",2029,1,2,0
"204",2029,2,2,219612
"305",2029,1,3,2.23946e-06
"306",2029,2,3,5.49831
"1011",2029,1,1,7.73276e-05
"1021",2029,2,1,0
"2031",2029,1,2,0
"2041",2029,2,2,4
"3051",2029,1,3,6.31293e-09
"3061",2029,2,3,0.0209753
