"","year","seas","fleet","catch"
"1",2029,1,1,0.0945591
"2",2029,2,1,0
"3",2029,1,2,0
"4",2029,2,2,3.41657e-06
"5",2029,1,3,0.000131717
"6",2029,2,3,7.46829e-05
"101",2029,1,1,0.0945589
"102",2029,2,1,0
"203",2029,1,2,0
"204",2029,2,2,3.49143e-06
"305",2029,1,3,0.000131551
"306",2029,2,3,7.45205e-05
"1011",2029,1,1,2.01738e-06
"1021",2029,2,1,0
"2031",2029,1,2,0
"2041",2029,2,2,2.55124e-11
"3051",2029,1,3,3.83249e-07
"3061",2029,2,3,2.90592e-07
