"","year","seas","fleet","catch"
"1",2029,1,1,0.253886
"2",2029,2,1,0
"3",2029,1,2,0
"4",2029,2,2,1.99328e-05
"5",2029,1,3,0.0030247
"6",2029,2,3,0.00191863
"101",2029,1,1,0.253885
"102",2029,2,1,0
"203",2029,1,2,0
"204",2029,2,2,1.89328e-05
"305",2029,1,3,0.0030237
"306",2029,2,3,0.00191763
"1011",2029,1,1,1.03217e-05
"1021",2029,2,1,0
"2031",2029,1,2,0
"2041",2029,2,2,1.57843e-10
"3051",2029,1,3,1.251e-05
"3061",2029,2,3,1.06197e-05
