"","year","seas","fleet","catch"
"1",2029,1,1,4788
"2",2029,2,1,0
"3",2029,1,2,0
"4",2029,2,2,106054
"5",2029,1,3,34.0748
"6",2029,2,3,12.6125
"101",2029,1,1,4788
"102",2029,2,1,0
"203",2029,1,2,0
"204",2029,2,2,106054
"305",2029,1,3,34.0748
"306",2029,2,3,12.6125
"1011",2029,1,1,0.0544935
"1021",2029,2,1,0
"2031",2029,1,2,0
"2041",2029,2,2,2.29896
"3051",2029,1,3,0.00295963
"3061",2029,2,3,0.00173202
