"","year","seas","fleet","catch"
"1",2023,1,1,3.20565e-05
"2",2023,2,1,0
"3",2023,1,2,0
"4",2023,2,2,0.0274617
"5",2023,1,3,2.49034e-06
"6",2023,2,3,1.5
"89",2023,1,1,3.19068e-05
"90",2023,2,1,0
"179",2023,1,2,0
"180",2023,2,2,0.0274615
"269",2023,1,3,2.6848e-06
"270",2023,2,3,138.137
"891",2023,1,1,2.70413e-09
"901",2023,2,1,0
"1791",2023,1,2,0
"1801",2023,2,2,9.33424e-07
"2691",2023,1,3,1.65284e-08
"2701",2023,2,3,1.5
