"","year","seas","fleet","catch"
"1",2022,1,1,0.000222034
"2",2022,2,1,0
"3",2022,1,2,0
"4",2022,2,2,0.154865
"5",2022,1,3,2.27438e-05
"6",2022,2,3,7.00838e-06
"87",2022,1,1,0.000221034
"88",2022,2,1,0
"175",2022,1,2,0
"176",2022,2,2,0.154864
"263",2022,1,3,2.17445e-05
"264",2022,2,3,6.00945e-06
"871",2022,1,1,3.95656e-08
"881",2022,2,1,0
"1751",2022,1,2,0
"1761",2022,2,2,5.10853e-06
"2631",2022,1,3,1.04713e-07
"2641",2022,2,3,3.87674e-08
