"","year","seas","fleet","catch"
"1",2024,1,1,0.000533244
"2",2024,2,1,0
"3",2024,1,2,0
"4",2024,2,2,0.172523
"5",2024,1,3,2.78271e-05
"6",2024,2,3,6.07807e-06
"91",2024,1,1,0.000532244
"92",2024,2,1,0
"183",2024,1,2,0
"184",2024,2,2,0.172522
"275",2024,1,3,2.68492e-05
"276",2024,2,3,5.07162e-06
"911",2024,1,1,5.74034e-08
"921",2024,2,1,0
"1831",2024,1,2,0
"1841",2024,2,2,7.48948e-06
"2751",2024,1,3,2.69876e-07
"2761",2024,2,3,6.82956e-08
