"","year","seas","fleet","catch"
"1",2029,1,1,0.00223522
"2",2029,2,1,0
"3",2029,1,2,0
"4",2029,2,2,0.208746
"5",2029,1,3,0.000100733
"6",2029,2,3,3.75051e-05
"101",2029,1,1,0.00223422
"102",2029,2,1,0
"203",2029,1,2,0
"204",2029,2,2,0.208745
"305",2029,1,3,9.97332e-05
"306",2029,2,3,3.65053e-05
"1011",2029,1,1,4.71474e-08
"1021",2029,2,1,0
"2031",2029,1,2,0
"2041",2029,2,2,1.42931e-06
"3051",2029,1,3,1.74768e-07
"3061",2029,2,3,8.56347e-08
