"","year","seas","fleet","catch"
"1",2028,1,1,0.000239176
"2",2028,2,1,0
"3",2028,1,2,0
"4",2028,2,2,1.5
"5",2028,1,3,5.08863e-06
"6",2028,2,3,7.26308e-06
"99",2028,1,1,0.000239007
"100",2028,2,1,0
"199",2028,1,2,0
"200",2028,2,2,128887
"299",2028,1,3,5.07196e-06
"300",2028,2,3,7.19589e-06
"991",2028,1,1,6.56047e-09
"1001",2028,2,1,0
"1991",2028,1,2,0
"2001",2028,2,2,1.5
"2991",2028,1,3,1.80611e-08
"3001",2028,2,3,3.4418e-08
