"","year","seas","fleet","catch"
"1",2029,1,1,2.2123e-06
"2",2029,2,1,0
"3",2029,1,2,0
"4",2029,2,2,0.326212
"5",2029,1,3,3.93979e-05
"6",2029,2,3,5.49452e-05
"101",2029,1,1,2.47157e-06
"102",2029,2,1,0
"203",2029,1,2,0
"204",2029,2,2,0.326212
"305",2029,1,3,3.9244e-05
"306",2029,2,3,5.47862e-05
"1011",2029,1,1,5.26557e-11
"1021",2029,2,1,0
"2031",2029,1,2,0
"2041",2029,2,2,2.21647e-06
"3051",2029,1,3,8.51076e-08
"3061",2029,2,3,1.5904e-07
