"","year","seas","fleet","catch"
"1",2026,1,1,0.325696
"2",2026,2,1,0
"3",2026,1,2,0
"4",2026,2,2,6840.69
"5",2026,1,3,7.09916
"6",2026,2,3,8.79192
"95",2026,1,1,0.325695
"96",2026,2,1,0
"191",2026,1,2,0
"192",2026,2,2,6840.69
"287",2026,1,3,7.09916
"288",2026,2,3,8.79192
"951",2026,1,1,2.5963e-05
"961",2026,2,1,0
"1911",2026,1,2,0
"1921",2026,2,2,0.117
"2871",2026,1,3,0.077764
"2881",2026,2,3,0.133053
