"","year","seas","fleet","catch"
"1",2025,1,1,0.0666516
"2",2025,2,1,0
"3",2025,1,2,0
"4",2025,2,2,1.5
"5",2025,1,3,1.5
"6",2025,2,3,1.5
"93",2025,1,1,0.0666509
"94",2025,2,1,0
"187",2025,1,2,0
"188",2025,2,2,54156.4
"281",2025,1,3,110.344
"282",2025,2,3,52.7896
"931",2025,1,1,4.92805e-06
"941",2025,2,1,0
"1871",2025,1,2,0
"1881",2025,2,2,1.5
"2811",2025,1,3,1.5
"2821",2025,2,3,1.5
