"","year","seas","fleet","catch"
"1",2025,1,1,0.00022247
"2",2025,2,1,0
"3",2025,1,2,0
"4",2025,2,2,0.10568
"5",2025,1,3,1.09244e-05
"6",2025,2,3,2.06651e-06
"93",2025,1,1,0.000222301
"94",2025,2,1,0
"187",2025,1,2,0
"188",2025,2,2,0.10568
"281",2025,1,3,1.082e-05
"282",2025,2,3,2.37285e-06
"931",2025,1,1,1.80153e-08
"941",2025,2,1,0
"1871",2025,1,2,0
"1881",2025,2,2,1.73884e-06
"2811",2025,1,3,1.45303e-07
"2821",2025,2,3,4.26983e-08
