"","year","seas","fleet","catch"
"1",2025,1,1,347.456
"2",2025,2,1,0
"3",2025,1,2,0
"4",2025,2,2,37229.5
"5",2025,1,3,5.49902
"6",2025,2,3,1.77357
"93",2025,1,1,347.456
"94",2025,2,1,0
"187",2025,1,2,0
"188",2025,2,2,37229.5
"281",2025,1,3,5.49902
"282",2025,2,3,1.77357
"931",2025,1,1,0.10915
"941",2025,2,1,0
"1871",2025,1,2,0
"1881",2025,2,2,2.46811
"2811",2025,1,3,0.0459968
"2821",2025,2,3,0.0202334
