"","year","seas","fleet","catch"
"1",2029,1,1,126.388
"2",2029,2,1,0
"3",2029,1,2,0
"4",2029,2,2,17234.4
"5",2029,1,3,11.9582
"6",2029,2,3,1.47826
"101",2029,1,1,126.388
"102",2029,2,1,0
"203",2029,1,2,0
"204",2029,2,2,17234.4
"305",2029,1,3,11.9582
"306",2029,2,3,1.47826
"1011",2029,1,1,0.00309915
"1021",2029,2,1,0
"2031",2029,1,2,0
"2041",2029,2,2,0.133703
"3051",2029,1,3,0.0222874
"3061",2029,2,3,0.00370522
