"","year","seas","fleet","catch"
"1",2027,1,1,0.0623807
"2",2027,2,1,0
"3",2027,1,2,0
"4",2027,2,2,1.5
"5",2027,1,3,2.44888e-06
"6",2027,2,3,1.51248e-06
"97",2027,1,1,0.0623805
"98",2027,2,1,0
"195",2027,1,2,0
"196",2027,2,2,95048.6
"293",2027,1,3,2.65186e-06
"294",2027,2,3,1.84789e-06
"971",2027,1,1,3.32871e-06
"981",2027,2,1,0
"1951",2027,1,2,0
"1961",2027,2,2,1.5
"2931",2027,1,3,2.00406e-08
"2941",2027,2,3,1.88339e-08
