"","year","seas","fleet","catch"
"1",2029,1,1,420.819
"2",2029,2,1,0
"3",2029,1,2,0
"4",2029,2,2,49284.7
"5",2029,1,3,5.23202
"6",2029,2,3,1.92141
"101",2029,1,1,420.819
"102",2029,2,1,0
"203",2029,1,2,0
"204",2029,2,2,49284.7
"305",2029,1,3,5.23202
"306",2029,2,3,1.92141
"1011",2029,1,1,0.0136979
"1021",2029,2,1,0
"2031",2029,1,2,0
"2041",2029,2,2,1.22983
"3051",2029,1,3,0.000526912
"3061",2029,2,3,0.00026944
