"","year","seas","fleet","catch"
"1",2026,1,1,1.96605e-05
"2",2026,2,1,0
"3",2026,1,2,0
"4",2026,2,2,0.0623315
"5",2026,1,3,2.6802e-06
"6",2026,2,3,0.00590702
"95",2026,1,1,1.95252e-05
"96",2026,2,1,0
"191",2026,1,2,0
"192",2026,2,2,0.0623313
"287",2026,1,3,2.84153e-06
"288",2026,2,3,0.00590685
"951",2026,1,1,9.06343e-10
"961",2026,2,1,0
"1911",2026,1,2,0
"1921",2026,2,2,8.74989e-07
"2871",2026,1,3,1.40611e-08
"2881",2026,2,3,3.91361e-05
