"","year","seas","fleet","catch"
"1",2026,1,1,0.108678
"2",2026,2,1,0
"3",2026,1,2,0
"4",2026,2,2,1.5
"5",2026,1,3,0.00104013
"6",2026,2,3,1.67853e-06
"95",2026,1,1,0.108678
"96",2026,2,1,0
"191",2026,1,2,0
"192",2026,2,2,84053.1
"287",2026,1,3,0.00103996
"288",2026,2,3,1.99288e-06
"951",2026,1,1,6.17284e-06
"961",2026,2,1,0
"1911",2026,1,2,0
"1921",2026,2,2,1.5
"2871",2026,1,3,7.02178e-06
"2881",2026,2,3,1.8179e-08
