"","year","seas","fleet","catch"
"1",2029,1,1,0.365967
"2",2029,2,1,0
"3",2029,1,2,0
"4",2029,2,2,9.53333e-06
"5",2029,1,3,0.00394706
"6",2029,2,3,0.00228064
"101",2029,1,1,0.365966
"102",2029,2,1,0
"203",2029,1,2,0
"204",2029,2,2,8.53333e-06
"305",2029,1,3,0.00394606
"306",2029,2,3,0.00227964
"1011",2029,1,1,9.68262e-06
"1021",2029,2,1,0
"2031",2029,1,2,0
"2041",2029,2,2,6.02251e-11
"3051",2029,1,3,9.50302e-06
"3061",2029,2,3,7.34994e-06
