"","year","seas","fleet","catch"
"1",2025,1,1,1508.81
"2",2025,2,1,0
"3",2025,1,2,0
"4",2025,2,2,169975
"5",2025,1,3,15.2949
"6",2025,2,3,4.61933
"93",2025,1,1,1508.81
"94",2025,2,1,0
"187",2025,1,2,0
"188",2025,2,2,169753
"281",2025,1,3,15.2949
"282",2025,2,3,4.61933
"931",2025,1,1,0.202063
"941",2025,2,1,0
"1871",2025,1,2,0
"1881",2025,2,2,4
"2811",2025,1,3,0.107101
"2821",2025,2,3,0.045087
