"","year","seas","fleet","catch"
"1",2027,1,1,0.109521
"2",2027,2,1,0
"3",2027,1,2,0
"4",2027,2,2,6.82043e-06
"5",2027,1,3,0.000650083
"6",2027,2,3,0.000354766
"97",2027,1,1,0.10952
"98",2027,2,1,0
"195",2027,1,2,0
"196",2027,2,2,5.82043e-06
"293",2027,1,3,0.000649084
"294",2027,2,3,0.000353767
"971",2027,1,1,5.1038e-06
"981",2027,2,1,0
"1951",2027,1,2,0
"1961",2027,2,2,6.93322e-11
"2931",2027,1,3,5.15108e-06
"2941",2027,2,3,3.75818e-06
