"","year","seas","fleet","catch"
"1",2022,1,1,1.57526e-05
"2",2022,2,1,0
"3",2022,1,2,0
"4",2022,2,2,0.0275951
"5",2022,1,3,1.02245e-06
"6",2022,2,3,1.5
"87",2022,1,1,1.58006e-05
"88",2022,2,1,0
"175",2022,1,2,0
"176",2022,2,2,0.0275951
"263",2022,1,3,1.44993e-06
"264",2022,2,3,173.867
"871",2022,1,1,2.59832e-09
"881",2022,2,1,0
"1751",2022,1,2,0
"1761",2022,2,2,8.94119e-07
"2631",2022,1,3,6.91777e-09
"2641",2022,2,3,1.5
