"","year","seas","fleet","catch"
"1",2025,1,1,705.421
"2",2025,2,1,0
"3",2025,1,2,0
"4",2025,2,2,72820.4
"5",2025,1,3,11.3429
"6",2025,2,3,3.60346
"93",2025,1,1,705.421
"94",2025,2,1,0
"187",2025,1,2,0
"188",2025,2,2,61865.7
"281",2025,1,3,11.3429
"282",2025,2,3,3.60346
"931",2025,1,1,0.242746
"941",2025,2,1,0
"1871",2025,1,2,0
"1881",2025,2,2,4
"2811",2025,1,3,0.104753
"2821",2025,2,3,0.0463156
