"","year","seas","fleet","catch"
"1",2025,1,1,0.000359797
"2",2025,2,1,0
"3",2025,1,2,0
"4",2025,2,2,0.188557
"5",2025,1,3,5.75779e-05
"6",2025,2,3,2.6357e-05
"93",2025,1,1,0.000358797
"94",2025,2,1,0
"187",2025,1,2,0
"188",2025,2,2,0.188556
"281",2025,1,3,5.65793e-05
"282",2025,2,3,2.53528e-05
"931",2025,1,1,9.21681e-09
"941",2025,2,1,0
"1871",2025,1,2,0
"1881",2025,2,2,2.92729e-06
"2811",2025,1,3,5.77294e-07
"2821",2025,2,3,3.45768e-07
