"","year","seas","fleet","catch"
"1",2028,1,1,0.00642613
"2",2028,2,1,0
"3",2028,1,2,0
"4",2028,2,2,0.288803
"5",2028,1,3,5.32066e-05
"6",2028,2,3,9.01042e-06
"99",2028,1,1,0.00642513
"100",2028,2,1,0
"199",2028,1,2,0
"200",2028,2,2,0.288802
"299",2028,1,3,5.22055e-05
"300",2028,2,3,7.99016e-06
"991",2028,1,1,2.32768e-07
"1001",2028,2,1,0
"1991",2028,1,2,0
"2001",2028,2,2,3.71383e-06
"2991",2028,1,3,5.47067e-06
"3001",2028,2,3,1.11841e-06
